state_id,state_name,mandi_id,mandi_name,first_enam_trade_date
37,ANDAMAN AND NICOBAR ISLANDS,5038,ANDAMAN HI TECH KISAN MANDI,2023-03-01
276,ANDHRA PRADESH,314,ANAKAPALLI,2019-07-01
276,ANDHRA PRADESH,316,ADONI,2018-10-01
276,ANDHRA PRADESH,289,ANANTHAPURAMU,2018-10-01
276,ANDHRA PRADESH,291,DENDULURU,2018-10-01
276,ANDHRA PRADESH,792,BOBBILI APMC,2020-04-01
276,ANDHRA PRADESH,793,CHILAKALURIPET APMC,2020-04-01
276,ANDHRA PRADESH,312,DUGGIRALA,2018-10-01
276,ANDHRA PRADESH,282,GOPALAPURAM,2018-10-01
276,ANDHRA PRADESH,311,ELURU,2019-06-01
276,ANDHRA PRADESH,293,GURRAMKONDA,2018-10-01
276,ANDHRA PRADESH,313,GUNTUR,2018-10-01
276,ANDHRA PRADESH,318,HINDUPUR,2018-10-01
276,ANDHRA PRADESH,794,ICHAPURAM APMC,2020-04-01
276,ANDHRA PRADESH,292,KALIKIRI,2018-10-01
276,ANDHRA PRADESH,795,JAGGAYYAPET APMC,2020-04-01
276,ANDHRA PRADESH,320,KADAPA,2018-10-01
276,ANDHRA PRADESH,319,Kalyandurg,2019-02-01
276,ANDHRA PRADESH,288,MADANAPALLE,2018-10-01
276,ANDHRA PRADESH,315,KURNOOL,2018-10-01
276,ANDHRA PRADESH,290,PALAMANER,2018-10-01
276,ANDHRA PRADESH,287,PATTIKONDA,2018-10-01
276,ANDHRA PRADESH,286,PUNGANUR,2018-10-01
276,ANDHRA PRADESH,796,PARCHUR APMC,2020-04-01
276,ANDHRA PRADESH,284,PIDUGURALLA,2018-10-01
276,ANDHRA PRADESH,285,RAPUR,2018-10-01
276,ANDHRA PRADESH,1200,RAVULAPALEM APMC,2020-04-01
276,ANDHRA PRADESH,798,RAYADURG APMC,2020-04-01
276,ANDHRA PRADESH,800,TADIKONDA APMC,2020-04-01
276,ANDHRA PRADESH,799,SATTENAPALLE APMC,2020-04-01
276,ANDHRA PRADESH,283,TENALI,2019-07-01
276,ANDHRA PRADESH,801,VIZIANAGARAM APMC,2020-04-01
276,ANDHRA PRADESH,317,YEMMIGANUR,2018-10-01
276,ANDHRA PRADESH,784,VEMURU BHATTIPROLU,2020-06-01
38,ASSAM,5039,DHING,2023-03-01
38,ASSAM,5041,KHARUPETIA,2023-03-01
38,ASSAM,5040,GAURIPUR,2023-03-01
33,BIHAR,4036,ARA,2022-07-01
33,BIHAR,4037,BEGUSARAI,2022-07-01
33,BIHAR,4039,BUXAR,2022-07-01
33,BIHAR,4052,CHHAPRA,2022-07-01
33,BIHAR,4038,BIHARSHARIF,2022-07-01
33,BIHAR,4040,DARBHANGA,2022-07-01
33,BIHAR,4041,DAUDNAGAR,2022-07-01
33,BIHAR,4042,FORBESGANJ,2022-07-01
33,BIHAR,4043,GAYA,2022-07-01
33,BIHAR,4044,GULABBAGH,2022-07-01
33,BIHAR,4045,HAJIPUR,2022-07-01
33,BIHAR,4046,KATIHAR,2022-07-01
33,BIHAR,4047,MOHANIYA,2022-07-01
33,BIHAR,4048,MOTIHARI,2022-07-01
33,BIHAR,4049,MUSALLAHPUR,2022-06-01
33,BIHAR,4050,MUZAFFARPUR,2022-06-01
33,BIHAR,4051,SAMASTIPUR,2022-07-01
33,BIHAR,4053,SASARAM,2022-07-01
33,BIHAR,4054,SINGHESWAR,2022-07-01
526,CHANDIGARH,525,CHANDIGARH SECTOR-26,2018-10-01
100,CHHATTISGARH,341,BALOD,2018-10-01
33,BIHAR,4055,SITAMARHI,2022-07-01
100,CHHATTISGARH,105,BHATAPARA,2018-10-01
100,CHHATTISGARH,339,BILASPUR,2018-11-01
100,CHHATTISGARH,338,DHAMTARI,2018-10-01
100,CHHATTISGARH,336,DURG,2018-10-01
100,CHHATTISGARH,103,KAWARADHA,2018-10-01
100,CHHATTISGARH,340,JAGDALPUR,2018-10-01
100,CHHATTISGARH,104,KURUD,2018-10-01
100,CHHATTISGARH,343,MUNGELI,2018-10-01
100,CHHATTISGARH,344,PATELPALI RAIGARH,2018-12-01
100,CHHATTISGARH,101,NAVAPARA,2018-10-01
100,CHHATTISGARH,342,RAJIM,2018-10-01
100,CHHATTISGARH,337,RAIPUR,2018-10-01
100,CHHATTISGARH,102,RAJNANDGAON,2018-10-01
100,CHHATTISGARH,4978,KANKER,2023-03-01
100,CHHATTISGARH,4979,SARAIPALI,2023-03-01
100,CHHATTISGARH,4980,BEMETARA,2023-03-01
100,CHHATTISGARH,4981,KATGHORA,2023-03-01
100,CHHATTISGARH,4982,AMBIKAPUR,2023-03-01
100,CHHATTISGARH,4983,JASHPUR,2023-03-01
34,GOA,3907,CANACONA MARKET YARD,2022-06-01
34,GOA,3906,CURCHOREM MARKET YARD,2022-06-01
34,GOA,3904,MAPUSA MARKET YARD,2022-06-01
34,GOA,3903,MARGAO MAIN MARKET YARD,2022-06-01
34,GOA,3908,PONDA MARKET YARD,2022-06-01
34,GOA,3902,SANQUELIM MARKET YARD,2022-06-01
34,GOA,3901,VALPOI MARKET YARD,2022-06-01
22,GUJARAT,553,AMRELI,2018-10-01
22,GUJARAT,232,AHMEDABAD,2018-10-01
22,GUJARAT,541,ANAND,2021-09-01
22,GUJARAT,665,ANJAR,2018-11-01
22,GUJARAT,542,BABRA,2019-01-01
22,GUJARAT,650,BAGASARA,2022-02-01
22,GUJARAT,812,BARDOLI APMC,2020-04-01
22,GUJARAT,803,BAVLA APMC,2020-04-01
22,GUJARAT,834,BAYAD APMC,2020-05-01
22,GUJARAT,233,BHABHAR,2019-01-01
22,GUJARAT,543,BHAVNAGAR,2018-10-01
22,GUJARAT,234,BHESAN,2018-10-01
22,GUJARAT,656,BHARUCH,2019-08-01
22,GUJARAT,235,BHILODA,2018-10-01
22,GUJARAT,555,BODELI,2018-11-01
22,GUJARAT,554,BHUJ,2019-07-01
22,GUJARAT,652,BORSAD,2018-11-01
22,GUJARAT,236,BILIMORA,2022-02-01
22,GUJARAT,40,BOTAD,2018-10-01
22,GUJARAT,835,CHIKHLI APMC,2020-04-01
22,GUJARAT,825,CHOTILA APMC,2020-04-01
22,GUJARAT,237,DAHOD,2018-10-01
22,GUJARAT,828,DEDIYAPADA APMC,2020-04-01
22,GUJARAT,238,DEESA,2018-10-01
22,GUJARAT,815,DABHOI APMC,2020-04-01
22,GUJARAT,556,DEHGAM,2018-10-01
22,GUJARAT,830,DEVGADHBARIA APMC,2020-04-01
22,GUJARAT,239,DHANERA,2019-10-01
22,GUJARAT,802,DHANDHUKA APMC,2020-04-01
22,GUJARAT,651,DHARI,2019-11-01
22,GUJARAT,240,DHOALKA,2021-10-01
22,GUJARAT,544,DHORAJI,2019-07-01
22,GUJARAT,241,DHROL,2018-10-01
22,GUJARAT,658,GADHADA,2018-10-01
22,GUJARAT,831,FATEHPURA APMC,2020-04-01
22,GUJARAT,808,GANDHINAGAR APMC,2020-05-01
22,GUJARAT,806,GARIYADHAR APMC,2020-05-01
22,GUJARAT,242,GODHRA,2018-10-01
22,GUJARAT,243,HALVAD,2018-10-01
22,GUJARAT,669,GONDAL,2018-10-01
22,GUJARAT,24,HIMMATNAGAR,2018-10-01
22,GUJARAT,836,IDAR APMC,2020-05-01
22,GUJARAT,245,JAMKHAMBHALIYA,2019-08-01
22,GUJARAT,244,JAM JODHPUR,2021-12-01
22,GUJARAT,557,JAMKANDORNA,2021-12-01
22,GUJARAT,247,JASDAN,2018-10-01
22,GUJARAT,545,JETPUR,2018-10-01
22,GUJARAT,246,JAMNAGAR,2019-05-01
22,GUJARAT,248,JUNAGADH,2018-10-01
22,GUJARAT,268,JHALOD,2019-07-01
22,GUJARAT,804,JHAGADIYA APMC,2020-05-01
22,GUJARAT,811,KADI APMC,2020-04-01
22,GUJARAT,546,KAPADWANJ,2018-10-01
22,GUJARAT,661,KALAVAD,2022-03-01
22,GUJARAT,558,KALOL,2019-07-01
22,GUJARAT,547,KARJAN,2021-10-01
22,GUJARAT,821,KATHLAL APMC,2020-04-01
22,GUJARAT,653,KHAMBHAT,2018-10-01
22,GUJARAT,663,KESHOD,2021-12-01
22,GUJARAT,249,KODINAR,2019-04-01
22,GUJARAT,820,KOSAMBA APMC,2020-04-01
22,GUJARAT,833,LIMKHEDA APMC,2020-04-01
22,GUJARAT,559,LALPUR,2021-12-01
22,GUJARAT,162,MAHUVA,2018-10-01
22,GUJARAT,664,MAHEMDAVAD,2018-10-01
22,GUJARAT,813,MAHUVA APMC GJ,2020-04-01
22,GUJARAT,837,LUNAWADA APMC,2020-05-01
22,GUJARAT,819,MANADAL APMC,2020-04-01
22,GUJARAT,548,MEHSANA,2018-10-01
22,GUJARAT,560,MORBI,2019-01-01
22,GUJARAT,816,MATAR APMC,2020-04-01
22,GUJARAT,809,MANDVI APMC,2020-04-01
22,GUJARAT,565,MODASA,2018-10-01
22,GUJARAT,549,NADIAD,2019-01-01
22,GUJARAT,251,NIZAR,2018-10-01
22,GUJARAT,838,NAVSARI APMC,2020-05-01
22,GUJARAT,561,PALANPUR,2019-01-01
22,GUJARAT,673,PADARA,2019-01-01
22,GUJARAT,655,PANTHAWADA,2018-10-01
22,GUJARAT,45,PATAN,2018-10-01
22,GUJARAT,805,PALITANA APMC,2020-04-01
22,GUJARAT,822,PATDI APMC,2020-04-01
22,GUJARAT,252,PAVI-JETPUR,2018-11-01
22,GUJARAT,253,PETALAD,2019-11-01
22,GUJARAT,254,PORBANDAR,2018-10-01
22,GUJARAT,824,PRANTIJ APMC,2020-04-01
22,GUJARAT,255,RAJKOT,2018-10-01
22,GUJARAT,550,RAJULA,2018-10-01
22,GUJARAT,839,RADHANPUR APMC,2020-04-01
22,GUJARAT,666,RAPAR,2019-08-01
22,GUJARAT,827,RAJPIPLA APMC,2020-04-01
22,GUJARAT,256,SANAND,2019-05-01
22,GUJARAT,257,SAVARKUNDLA,2018-12-01
22,GUJARAT,258,SAVLI,2018-10-01
22,GUJARAT,832,SANJELI APMC,2020-04-01
22,GUJARAT,551,SIDDHPUR,2018-10-01
22,GUJARAT,826,SELAMBA APMC,2020-04-01
22,GUJARAT,814,SONGADH APMC,2020-05-01
22,GUJARAT,818,SIHOR APMC,2020-05-01
22,GUJARAT,259,TALOD,2018-10-01
22,GUJARAT,552,TARAPUR,2018-10-01
22,GUJARAT,840,TALAJA APMC,2020-05-01
22,GUJARAT,260,THARA,2018-10-01
22,GUJARAT,261,THARAD,2018-10-01
22,GUJARAT,823,THASRA APMC,2020-04-01
22,GUJARAT,829,TILAKWADA APMC,2020-04-01
22,GUJARAT,841,UNA APMC,2020-04-01
22,GUJARAT,807,UMRALA APMC,2020-05-01
22,GUJARAT,262,VADHVAN,2018-10-01
22,GUJARAT,562,UPLETA,2019-07-01
22,GUJARAT,810,UNAVA APMC,2020-04-01
22,GUJARAT,842,VADALI APMC,2020-04-01
22,GUJARAT,263,VADODARA,2018-11-01
22,GUJARAT,843,VALIA APMC,2020-04-01
22,GUJARAT,264,VALSAD,2018-11-01
22,GUJARAT,817,VALABHIPUR APMC,2020-05-01
22,GUJARAT,265,VIJAPUR,2018-10-01
22,GUJARAT,563,VINCHHIYA,2018-10-01
22,GUJARAT,266,VISAVADAR,2018-10-01
22,GUJARAT,267,VISNAGAR,2018-10-01
22,GUJARAT,564,VYARA,2019-07-01
22,GUJARAT,844,WANKANER APMC,2020-04-01
22,GUJARAT,5053,AHWA,2023-03-01
22,GUJARAT,5054,DESAR,2023-03-01
22,GUJARAT,5055,DHANGADRA,2023-03-01
22,GUJARAT,5057,KUKARMUDA,2023-03-01
22,GUJARAT,5056,KAPRADA,2023-03-01
22,GUJARAT,5058,MANDVI,2023-03-01
22,GUJARAT,5059,PARDI,2023-03-01
22,GUJARAT,5060,UNCHAL,2023-03-01
22,GUJARAT,5061,VASDA,2023-03-01
22,GUJARAT,5064,VERAVAL,2023-03-01
22,GUJARAT,5093,TALALAGIR,2023-03-01
22,GUJARAT,5094,BHANVAD,2023-03-01
22,GUJARAT,5096,MAANSA,2023-03-01
22,GUJARAT,5095,LAKHANI,2023-03-01
22,GUJARAT,5097,MALPUR,2023-03-01
22,GUJARAT,5098,VIRAMGAM,2023-03-01
22,GUJARAT,5128,CHANASMA ,2023-03-01
22,GUJARAT,5129,DEODAR,2023-03-01
22,GUJARAT,5131,UNJHA,2023-03-01
22,GUJARAT,5130,SURAT,2023-03-01
22,GUJARAT,5132,VALOD,2023-03-01
32,HARYANA,132,ADAMPUR,2018-10-01
22,GUJARAT,5133,VIRPUR,2023-03-01
32,HARYANA,59,AMBALA,2018-10-01
32,HARYANA,3931,ALEWA,2022-06-01
32,HARYANA,277,ASANDH,2018-10-01
32,HARYANA,995,AMBALA CANTT. APMC,2020-05-01
32,HARYANA,996,ATELI APMC,2020-05-01
32,HARYANA,3932,BABAIN,2022-06-01
32,HARYANA,3933,BAHADURGARH,2022-06-01
32,HARYANA,3935,BALLABGARH,2022-06-01
32,HARYANA,3936,BAPOLI,2022-06-01
32,HARYANA,364,BARWALA HISAR,2018-10-01
32,HARYANA,3937,BARARA,2022-06-01
32,HARYANA,997,BARWALA PANCHKULA APMC,2020-05-01
32,HARYANA,3939,BEHAL,2022-06-01
32,HARYANA,3938,BASS,2022-06-01
32,HARYANA,368,BHIWANI,2018-10-01
32,HARYANA,3940,BERI,2022-06-01
32,HARYANA,998,BHATTU KALAN APMC,2020-05-01
32,HARYANA,3941,BHUNA,2022-06-01
32,HARYANA,112,CH DADRI,2018-10-01
32,HARYANA,356,CHEEKA,2018-10-01
32,HARYANA,369,CHHACHHRAULI,2018-10-01
32,HARYANA,367,DHAND,2018-10-01
32,HARYANA,125,DABWALI,2018-10-01
32,HARYANA,54,ELLANABAD,2018-10-01
32,HARYANA,3942,DING,2022-06-01
32,HARYANA,359,FARIDABAD,2018-10-01
32,HARYANA,357,FATEHABAD,2018-10-01
32,HARYANA,129,GANAUR,2018-10-01
32,HARYANA,3944,FARRUKHNAGAR,2022-06-01
32,HARYANA,110,GHARAUNDA,2018-10-01
32,HARYANA,999,FEROZPUR JHIRKA APMC,2020-05-01
32,HARYANA,128,GOHANA,2018-10-01
32,HARYANA,360,GURGAON,2018-10-01
32,HARYANA,131,HANSI,2018-10-01
32,HARYANA,363,HODAL,2018-10-01
32,HARYANA,3946,HATHIN,2022-06-01
32,HARYANA,3945,HASSANPUR,2022-06-01
32,HARYANA,295,INDRI,2018-10-01
32,HARYANA,1000,HISAR APMC,2020-05-01
32,HARYANA,124,ISMAILABAD,2018-10-01
32,HARYANA,1001,ISRANA APMC,2020-05-01
32,HARYANA,361,JHAJJAR,2018-10-01
32,HARYANA,433,JAKHAL,2018-10-01
32,HARYANA,1002,JAGADHRI APMC,2020-05-01
32,HARYANA,114,JULANA,2018-10-01
32,HARYANA,120,JIND,2018-10-01
32,HARYANA,3947,JUI,2022-06-01
32,HARYANA,108,KAITHAL,2018-10-01
32,HARYANA,3948,JUNDLA,2022-06-01
32,HARYANA,365,KALAYAT,2018-10-01
32,HARYANA,123,KALANWALI,2018-10-01
32,HARYANA,53,KARNAL,2018-10-01
32,HARYANA,1003,KANINA APMC,2020-05-01
32,HARYANA,3951,KHARKHODA,2022-06-01
32,HARYANA,1004,KOSLI APMC,2020-05-01
32,HARYANA,122,LADWA,2018-10-01
32,HARYANA,3952,LOHARU,2022-06-01
32,HARYANA,117,MADLAUDA,2018-10-01
32,HARYANA,1006,MOHINDERGARH APMC,2020-05-01
32,HARYANA,1005,MEHAM APMC,2020-05-01
32,HARYANA,106,MULLANA,2018-11-01
32,HARYANA,3953,MOHNA,2022-06-01
32,HARYANA,1007,NARAINGARH APMC,2020-05-01
32,HARYANA,370,NARNAUND,2018-10-01
32,HARYANA,3954,MUSTAFABAD,2022-06-01
32,HARYANA,118,NARWANA,2018-10-01
32,HARYANA,1008,NARNAUL APMC,2020-05-01
32,HARYANA,111,NISSING,2018-10-01
32,HARYANA,1009,NIGDHU APMC,2020-05-01
32,HARYANA,1010,NILOKHERI APMC,2020-05-01
32,HARYANA,366,PALWAL,2018-10-01
32,HARYANA,1011,NUH APMC,2020-05-01
32,HARYANA,1012,PAI APMC,2020-05-01
32,HARYANA,113,PANIPAT,2018-10-01
32,HARYANA,1013,PANCHKULA APMC,2020-05-01
32,HARYANA,121,PEHOWA,2018-10-01
32,HARYANA,362,PILLUKHERA,2018-10-01
32,HARYANA,278,PUNDRI,2018-10-01
32,HARYANA,3955,PATAUDI,2022-06-01
32,HARYANA,1014,PIPLI APMC,2020-05-01
32,HARYANA,1016,RAIPUR RANI APMC,2020-05-01
32,HARYANA,279,RANIA,2018-10-01
32,HARYANA,3956,RADAUR,2022-06-01
32,HARYANA,1015,PUNHANA APMC,2020-05-01
32,HARYANA,130,RATIA,2018-10-01
32,HARYANA,109,REWARI,2018-10-01
32,HARYANA,107,ROHTAK,2018-10-01
32,HARYANA,1017,SADHAURA APMC,2020-05-01
32,HARYANA,116,SAFIDON,2018-10-01
32,HARYANA,115,SAMALKHA,2018-10-01
32,HARYANA,60,SHAHBAD,2018-10-01
32,HARYANA,3957,SAMPLA,2022-06-01
32,HARYANA,280,SIRSA,2018-10-01
32,HARYANA,1018,SHAHZADPUR APMC,2020-05-01
32,HARYANA,371,SIWANI,2018-10-01
32,HARYANA,3958,SIWAN,2022-06-01
32,HARYANA,126,SONEPAT,2018-10-01
32,HARYANA,127,TARAORI,2018-10-01
32,HARYANA,3959,SOHNA,2022-06-01
32,HARYANA,119,THANESAR,2018-10-01
32,HARYANA,281,TOHANA,2018-10-01
32,HARYANA,3960,TIGAON,2022-06-01
32,HARYANA,1019,TAURU APMC,2020-05-01
32,HARYANA,358,UCHANA,2018-10-01
32,HARYANA,3961,TOSHAM,2022-06-01
43,HIMACHAL PRADESH,375,BANDROL,2018-10-01
32,HARYANA,1020,UKLANA APMC,2020-05-01
32,HARYANA,1021,YAMUNA NAGAR APMC,2020-05-01
43,HIMACHAL PRADESH,3896,BAIJNATH,2022-06-01
43,HIMACHAL PRADESH,269,BHUNTAR,2018-10-01
43,HIMACHAL PRADESH,383,CHAMBA,2018-10-01
43,HIMACHAL PRADESH,273,BHATTAKUFAR DHALLI,2019-08-01
43,HIMACHAL PRADESH,3892,CHAILCHOWK,2022-06-01
43,HIMACHAL PRADESH,44,DHALLI SHIMLA,2018-10-01
43,HIMACHAL PRADESH,3894,DHANOTU,2022-06-01
43,HIMACHAL PRADESH,3895,DHARAMSHALA,2022-06-01
43,HIMACHAL PRADESH,380,HAMIRPUR,2018-10-01
43,HIMACHAL PRADESH,42,FRUIT MANDI SOLAN,2018-10-01
43,HIMACHAL PRADESH,377,KANGRA,2018-10-01
43,HIMACHAL PRADESH,379,MANDI,2018-10-01
43,HIMACHAL PRADESH,272,KANGRA JASSOUR,2018-10-01
43,HIMACHAL PRADESH,3893,KHARAPATHAR,2022-06-01
43,HIMACHAL PRADESH,378,PALAMPUR,2018-10-01
43,HIMACHAL PRADESH,374,PAONTA SAHIB,2018-10-01
43,HIMACHAL PRADESH,3889,MEHANDLI,2022-06-01
43,HIMACHAL PRADESH,373,PARALA,2018-10-01
43,HIMACHAL PRADESH,376,PATIKUHAL,2018-10-01
43,HIMACHAL PRADESH,372,ROHRU,2018-10-01
43,HIMACHAL PRADESH,382,SANTOSHGARH,2018-10-01
43,HIMACHAL PRADESH,271,TAKOLI,2018-10-01
43,HIMACHAL PRADESH,270,SOLAN PARWANOO,2018-10-01
43,HIMACHAL PRADESH,381,UNA,2018-10-01
43,HIMACHAL PRADESH,3891,TAPRI,2022-06-01
43,HIMACHAL PRADESH,5017,SMY NERWA ,2023-03-01
43,HIMACHAL PRADESH,5018,SMY NADAUN ,2023-03-01
43,HIMACHAL PRADESH,5019,SMY KULLU,2023-03-01
43,HIMACHAL PRADESH,5020,SMY SHAAT,2023-03-01
43,HIMACHAL PRADESH,5026,SMY WAKHNAGHAT,2023-03-01
43,HIMACHAL PRADESH,5021,SMY CHOURIBIHAL,2023-03-01
43,HIMACHAL PRADESH,5031,SMY DHARAMPUR,2023-03-01
43,HIMACHAL PRADESH,5032,SMY NAGROTA BAGWAN,2023-03-01
43,HIMACHAL PRADESH,5033,SMY TAKARLA,2023-03-01
43,HIMACHAL PRADESH,5035,SMY RAJGARH,2023-03-01
43,HIMACHAL PRADESH,5034,PMY NAHAN,2023-03-01
43,HIMACHAL PRADESH,5037,PMY BILASPUR,2023-03-01
696,JAMMU AND KASHMIR,3876,CHARARISHARIEF,2022-06-01
696,JAMMU AND KASHMIR,3875,ANANTNAG,2022-06-01
696,JAMMU AND KASHMIR,3877,HANDWARA,2022-06-01
696,JAMMU AND KASHMIR,3878,KATHUA,2022-06-01
696,JAMMU AND KASHMIR,1371,NARWAL,2020-05-01
696,JAMMU AND KASHMIR,1372,PARIMPORA SGR,2020-05-01
696,JAMMU AND KASHMIR,3879,KULGAM,2022-06-01
696,JAMMU AND KASHMIR,3880,PULWAMA,2022-06-01
696,JAMMU AND KASHMIR,3881,SHOPIAN,2022-06-01
696,JAMMU AND KASHMIR,3883,UDHAMPUR,2022-06-01
696,JAMMU AND KASHMIR,3882,SOPORE,2022-07-01
47,JHARKHAND,348,BOKARO,2018-10-01
47,JHARKHAND,350,CHAKULIA,2018-10-01
47,JHARKHAND,152,CHAIBASA,2020-01-01
47,JHARKHAND,354,DEOGHAR,2018-10-01
47,JHARKHAND,154,DHANBAD,2018-10-01
47,JHARKHAND,153,DALTENGANJ,2018-10-01
47,JHARKHAND,355,DUMKA,2018-10-01
47,JHARKHAND,351,GRIDIH,2018-10-01
47,JHARKHAND,349,GARHWA,2018-10-01
47,JHARKHAND,155,GUMLA,2018-10-01
47,JHARKHAND,156,JAMSHEDPUR,2018-10-01
47,JHARKHAND,353,KODERMA,2018-10-01
47,JHARKHAND,157,LOHARDAGA,2018-10-01
47,JHARKHAND,346,HAZARIBAGH,2018-10-01
47,JHARKHAND,52,PANDRA RANCHI,2018-10-01
47,JHARKHAND,352,PAKUR,2018-10-01
47,JHARKHAND,345,Ramgarh,2018-10-01
47,JHARKHAND,347,SAHEBGANJ,2019-08-01
47,JHARKHAND,159,SIMDEGA,2019-06-01
695,KARNATAKA,1368,APMC CHINCHOLI,2020-04-01
695,KARNATAKA,1366,APMC KALBURGI,2020-04-01
695,KARNATAKA,5012,CHANNAGIRI ,2023-03-01
695,KARNATAKA,5014,APMC YARD SAUNDATTI,2023-03-01
695,KARNATAKA,5015,APMC TIPTUR,2023-03-01
694,KERALA,1357,ARWM MUVATTUPUZHA,2020-05-01
694,KERALA,1362,ARWM NEDUMANGAD,2020-05-01
694,KERALA,1361,ARWM SULTAN BARTHERY,2020-05-01
20,MADHYA PRADESH,406,AGAR,2018-10-01
694,KERALA,1359,AUWM ANAYARA,2020-05-01
694,KERALA,1360,AUWM VENGERI,2020-05-01
694,KERALA,1358,AUWM MARADU,2020-05-01
20,MADHYA PRADESH,4063,ALIRAJPUR,2022-07-01
20,MADHYA PRADESH,3912,AMARPATAN,2022-07-01
20,MADHYA PRADESH,4165,ANUPPUR,2022-07-01
20,MADHYA PRADESH,133,ASHOKNAGAR,2018-10-01
20,MADHYA PRADESH,4057,ARON,2022-07-01
20,MADHYA PRADESH,334,ASHTA,2018-10-01
20,MADHYA PRADESH,400,BADNAGAR,2018-10-01
20,MADHYA PRADESH,396,BADNAWAR,2018-10-01
20,MADHYA PRADESH,3928,BADA MALHERA,2022-07-01
20,MADHYA PRADESH,4058,BADARWAS,2022-07-01
20,MADHYA PRADESH,466,BALAGHAT,2018-10-01
20,MADHYA PRADESH,387,BARELI,2018-10-01
20,MADHYA PRADESH,3914,BAIKUNTHPUR,2022-07-01
20,MADHYA PRADESH,4085,BANKHEDI,2022-07-01
20,MADHYA PRADESH,3915,BARWANI,2022-07-01
20,MADHYA PRADESH,134,BETUL,2018-10-01
20,MADHYA PRADESH,386,BERASIA,2018-10-01
20,MADHYA PRADESH,4064,BEOHARI,2022-07-01
20,MADHYA PRADESH,390,BIAORA,2018-10-01
20,MADHYA PRADESH,411,BINA,2018-10-01
20,MADHYA PRADESH,4065,BHIND,2022-07-01
20,MADHYA PRADESH,399,BURHANPUR,2018-10-01
20,MADHYA PRADESH,465,CHHATARPUR,2018-10-01
20,MADHYA PRADESH,4164,CHAKGHAT,2022-07-01
20,MADHYA PRADESH,4091,CHAURAI,2022-07-01
20,MADHYA PRADESH,3916,CHHAPARA,2022-07-01
20,MADHYA PRADESH,135,CHHINDWARA,2018-10-01
20,MADHYA PRADESH,407,DABRA,2018-10-01
20,MADHYA PRADESH,136,DAMOH,2018-10-01
20,MADHYA PRADESH,418,DATIA,2018-10-01
20,MADHYA PRADESH,4079,DALAUDA,2022-07-01
20,MADHYA PRADESH,395,DHAR,2018-10-01
20,MADHYA PRADESH,137,DEWAS,2018-10-01
20,MADHYA PRADESH,468,GADARWARA,2018-10-01
20,MADHYA PRADESH,4086,DEORI,2022-07-01
20,MADHYA PRADESH,389,GANJ BASODA,2018-10-01
20,MADHYA PRADESH,409,GUNA,2018-10-01
20,MADHYA PRADESH,4087,GARHAKOTA,2022-07-01
20,MADHYA PRADESH,3929,GAUTAMPURA,2022-07-01
20,MADHYA PRADESH,4166,GOTEGAON,2022-07-01
20,MADHYA PRADESH,138,HARDA,2018-10-01
20,MADHYA PRADESH,4096,HANUMANA,2022-07-01
20,MADHYA PRADESH,139,INDORE,2018-10-01
20,MADHYA PRADESH,3930,HARPALPUR,2022-07-01
20,MADHYA PRADESH,3917,HARSUD,2022-07-01
20,MADHYA PRADESH,140,JABALPUR,2018-10-01
20,MADHYA PRADESH,393,ITARSI,2018-10-01
20,MADHYA PRADESH,141,JAORA,2018-10-01
20,MADHYA PRADESH,4075,JABERA,2022-07-01
20,MADHYA PRADESH,3920,JOBAT,2022-07-01
20,MADHYA PRADESH,21,KAROND,2018-10-01
20,MADHYA PRADESH,4059,JHABUA,2022-07-01
20,MADHYA PRADESH,3921,KARERA,2022-07-01
20,MADHYA PRADESH,398,KHANDWA,2018-10-01
20,MADHYA PRADESH,415,KATNI,2018-10-01
20,MADHYA PRADESH,3923,KATANGI,2022-07-01
20,MADHYA PRADESH,397,KHARGONE,2018-10-01
20,MADHYA PRADESH,403,KHATEGAON,2018-10-01
20,MADHYA PRADESH,3922,KASRAWAD,2022-07-01
20,MADHYA PRADESH,392,KHIRKIYA,2018-10-01
20,MADHYA PRADESH,4060,KHETIYA,2022-07-01
20,MADHYA PRADESH,854,KRISHI UPAJ MANDI SAMITI-ANJAD,2020-05-01
20,MADHYA PRADESH,4097,KRISHI UPAJ MANDI SAMITI PATAN,2022-07-01
20,MADHYA PRADESH,849,KRISHI UPAJ MANDI SAMITI-BADWAHA,2020-05-01
20,MADHYA PRADESH,848,KRISHI UPAJ MANDI SAMITI-BANAPURA,2020-05-01
20,MADHYA PRADESH,852,KRISHI UPAJ MANDI SAMITI-BHIKANGAON,2020-05-01
20,MADHYA PRADESH,869,KRISHI UPAJ MANDI SAMITI-DHAMNOD,2020-05-01
20,MADHYA PRADESH,856,KRISHI UPAJ MANDI SAMITI-GANDHWANI,2020-05-01
20,MADHYA PRADESH,860,KRISHI UPAJ MANDI SAMITI-KARELI,2020-05-01
20,MADHYA PRADESH,863,KRISHI UPAJ MANDI SAMITI-KHURAI,2020-05-01
20,MADHYA PRADESH,853,KRISHI UPAJ MANDI SAMITI-KARHI,2020-05-01
20,MADHYA PRADESH,866,KRISHI UPAJ MANDI SAMITI-KOLARAS,2020-05-01
20,MADHYA PRADESH,857,KRISHI UPAJ MANDI SAMITI-KUKSHI,2020-05-01
20,MADHYA PRADESH,864,KRISHI UPAJ MANDI SAMITI-KUMBHRAJ,2020-05-01
20,MADHYA PRADESH,865,KRISHI UPAJ MANDI SAMITI-LASHKAR,2020-05-01
20,MADHYA PRADESH,867,KRISHI UPAJ MANDI SAMITI-NAGOD,2020-05-01
20,MADHYA PRADESH,845,KRISHI UPAJ MANDI SAMITI-NASRULLAGANJ,2020-05-01
20,MADHYA PRADESH,847,KRISHI UPAJ MANDI SAMITI-RAISEN,2020-05-01
20,MADHYA PRADESH,862,KRISHI UPAJ MANDI SAMITI-PANDHURNA,2020-05-01
20,MADHYA PRADESH,851,KRISHI UPAJ MANDI SAMITI-SANAWAD,2020-05-01
20,MADHYA PRADESH,861,KRISHI UPAJ MANDI SAMITI-SAUNSAR,2020-05-01
20,MADHYA PRADESH,855,KRISHI UPAJ MANDI SAMITI-SHIVPURI,2020-05-01
20,MADHYA PRADESH,868,KRISHI UPAJ MANDI SAMITI-SINGRAULI,2020-05-01
20,MADHYA PRADESH,3924,KURAWAR,2022-07-01
20,MADHYA PRADESH,846,KRISHI UPAJ MANDI SAMITI-UDAIPURA,2020-05-01
20,MADHYA PRADESH,4078,LAVKUSHNAGAR,2022-07-01
20,MADHYA PRADESH,402,MAHIDPUR,2018-10-01
20,MADHYA PRADESH,142,MANDSAUR,2018-10-01
20,MADHYA PRADESH,469,MANDLA,2018-10-01
20,MADHYA PRADESH,4088,MAIHAR,2022-07-01
20,MADHYA PRADESH,417,MHOW,2018-10-01
20,MADHYA PRADESH,143,NEEMUCH,2018-10-01
20,MADHYA PRADESH,463,MORENA,2018-10-01
20,MADHYA PRADESH,388,OBAIDULLAGANJ,2018-10-01
20,MADHYA PRADESH,3925,NARSINGHGARH,2022-07-01
20,MADHYA PRADESH,4098,MUNGAOLI,2022-07-01
20,MADHYA PRADESH,4066,NIWARI,2022-07-01
20,MADHYA PRADESH,4061,PACHORE,2022-07-01
20,MADHYA PRADESH,4156,PALARI,2022-07-01
20,MADHYA PRADESH,4083,PANNA,2022-07-01
20,MADHYA PRADESH,144,PIPARIYA,2018-10-01
20,MADHYA PRADESH,4074,PATHARIA,2022-07-01
20,MADHYA PRADESH,4067,PETLAWAD,2022-07-01
20,MADHYA PRADESH,4068,PIPALIYA,2022-07-01
20,MADHYA PRADESH,145,RATLAM,2018-10-01
20,MADHYA PRADESH,3927,RAJGARH,2022-07-01
20,MADHYA PRADESH,4072,RAHATGARH,2022-07-01
20,MADHYA PRADESH,147,SAGAR,2018-10-01
20,MADHYA PRADESH,4062,RAJNAGAR,2022-07-01
20,MADHYA PRADESH,146,REWA,2018-10-01
20,MADHYA PRADESH,394,SANWER,2018-10-01
20,MADHYA PRADESH,148,SATNA,2018-10-01
20,MADHYA PRADESH,4092,REHLI,2022-07-01
20,MADHYA PRADESH,412,SEHORA,2018-10-01
20,MADHYA PRADESH,149,SEHORE,2018-10-01
20,MADHYA PRADESH,4069,SEGAON,2022-07-01
20,MADHYA PRADESH,462,SENDHWA,2018-10-01
20,MADHYA PRADESH,3911,SEMRI HARCHAND,2022-07-01
20,MADHYA PRADESH,467,SEONI,2018-10-01
20,MADHYA PRADESH,413,SHAHPURA BHITONI,2018-10-01
20,MADHYA PRADESH,420,SHAJAPUR,2018-10-01
20,MADHYA PRADESH,4093,SHAHDOL,2022-07-01
20,MADHYA PRADESH,404,SHUJALPUR,2018-10-01
20,MADHYA PRADESH,464,SHEOPURKALAN,2018-10-01
20,MADHYA PRADESH,4082,SILWANI,2022-07-01
20,MADHYA PRADESH,4094,SIDHI,2022-07-01
20,MADHYA PRADESH,3910,SIRALI,2022-07-01
20,MADHYA PRADESH,4071,SIRONJ,2022-07-01
20,MADHYA PRADESH,335,TIKAMGARH,2018-10-01
20,MADHYA PRADESH,391,TIMARNI,2018-10-01
20,MADHYA PRADESH,4155,THANDLA,2022-07-01
20,MADHYA PRADESH,4070,SONKATCH,2022-07-01
20,MADHYA PRADESH,150,UJJAIN,2018-10-01
20,MADHYA PRADESH,151,VIDISHA,2018-10-01
296,MAHARASHTRA,1022,AAMGAON,2020-05-01
296,MAHARASHTRA,308,AATPADI,2018-10-01
20,MADHYA PRADESH,4095,UMARIA,2022-07-01
296,MAHARASHTRA,471,ACHALPUR,2018-10-01
296,MAHARASHTRA,459,AHERI,2018-12-01
296,MAHARASHTRA,401,AHMEDNAGAR,2018-10-01
296,MAHARASHTRA,299,AKOLA,2018-10-01
296,MAHARASHTRA,566,AMALNER,2018-10-01
296,MAHARASHTRA,405,AMARAVATHI,2018-10-01
296,MAHARASHTRA,1023,AKOT,2020-04-01
296,MAHARASHTRA,567,ANJANGAON SURJI,2018-10-01
296,MAHARASHTRA,460,ARJUNI MORGOAN,2018-10-01
296,MAHARASHTRA,1024,AMBEJOGAI,2020-05-01
296,MAHARASHTRA,303,AURANGABAD,2019-07-01
296,MAHARASHTRA,1025,ARVI,2020-05-01
296,MAHARASHTRA,1026,AUSA,2020-05-01
296,MAHARASHTRA,470,Basmat,2018-10-01
296,MAHARASHTRA,1027,BARAMATI,2020-04-01
296,MAHARASHTRA,461,BARSHI,2018-10-01
296,MAHARASHTRA,408,BEED,2018-10-01
296,MAHARASHTRA,456,BHOKAR,2018-10-01
296,MAHARASHTRA,1028,BHIWAPUR,2020-05-01
296,MAHARASHTRA,1029,CHALISGAON,2020-05-01
296,MAHARASHTRA,568,CHANDRAPUR,2018-10-01
296,MAHARASHTRA,1030,CHAMORSHI,2020-05-01
296,MAHARASHTRA,1031,CHANDUR BAZAR,2020-05-01
296,MAHARASHTRA,587,CHOPADA,2018-10-01
296,MAHARASHTRA,1032,CHANDVAD,2020-05-01
296,MAHARASHTRA,1033,CHIKHALI,2020-05-01
296,MAHARASHTRA,588,DARYAPUR,2018-10-01
296,MAHARASHTRA,457,DHULE,2018-10-01
296,MAHARASHTRA,1034,DEVALA,2020-05-01
296,MAHARASHTRA,1035,DHAMANGAON RAILWAY,2020-05-01
296,MAHARASHTRA,1037,DINDORI,2020-05-01
296,MAHARASHTRA,1036,DIGRAS,2020-04-01
296,MAHARASHTRA,410,DONDAICHA,2018-10-01
296,MAHARASHTRA,451,DOUND,2018-10-01
296,MAHARASHTRA,455,GEVRAI,2018-10-01
296,MAHARASHTRA,589,GONDIYA,2018-11-01
296,MAHARASHTRA,1038,GANGAPUR-MH,2020-05-01
296,MAHARASHTRA,414,HINGOLI,2018-10-01
296,MAHARASHTRA,1039,HINGANGHAT,2020-05-01
296,MAHARASHTRA,1040,INDAPUR,2020-05-01
296,MAHARASHTRA,1041,JALGAON,2020-05-01
296,MAHARASHTRA,1043,JINTUR,2020-05-01
296,MAHARASHTRA,1042,JALNA,2020-05-01
296,MAHARASHTRA,416,JUNNAR,2019-07-01
296,MAHARASHTRA,421,KARAD,2018-12-01
296,MAHARASHTRA,1045,KANNAD,2020-05-01
296,MAHARASHTRA,1044,KALAMB,2020-04-01
296,MAHARASHTRA,1046,KARANJA,2020-05-01
296,MAHARASHTRA,1047,KARMALA,2020-05-01
296,MAHARASHTRA,590,KATOL,2019-02-01
296,MAHARASHTRA,591,KHED,2018-10-01
296,MAHARASHTRA,419,KHAMGAON,2019-07-01
296,MAHARASHTRA,297,KOLHAPUR,2018-10-01
296,MAHARASHTRA,300,LATUR,2018-10-01
296,MAHARASHTRA,1048,LASALGAON,2020-05-01
296,MAHARASHTRA,1049,LASUR STATION,2020-05-01
296,MAHARASHTRA,592,LONAR,2018-10-01
296,MAHARASHTRA,473,LONAND,2018-10-01
296,MAHARASHTRA,474,MALEGOAN,2018-10-01
296,MAHARASHTRA,1050,MAJALGAON,2020-05-01
296,MAHARASHTRA,472,Malkapur,2018-10-01
296,MAHARASHTRA,422,MANGRULPEER,2018-10-01
296,MAHARASHTRA,1051,MANGALWEDHA,2020-05-01
296,MAHARASHTRA,1052,MANORA,2020-05-01
296,MAHARASHTRA,1053,MORSHI,2020-05-01
296,MAHARASHTRA,1054,MUL,2020-05-01
296,MAHARASHTRA,424,MUMBAI,2018-10-01
296,MAHARASHTRA,593,MURTIZAPUR,2018-12-01
296,MAHARASHTRA,1055,MURUM,2020-05-01
296,MAHARASHTRA,305,NAGPUR,2018-10-01
296,MAHARASHTRA,1056,NAGBHID,2020-05-01
296,MAHARASHTRA,1057,NAMPUR,2020-05-01
296,MAHARASHTRA,458,NANDURBAR,2018-10-01
296,MAHARASHTRA,1059,NANDGAON,2020-05-01
296,MAHARASHTRA,1058,NANDED,2020-05-01
296,MAHARASHTRA,425,NASIK,2018-12-01
296,MAHARASHTRA,307,NEWASA,2018-10-01
296,MAHARASHTRA,1060,NER PARASOPANT,2020-05-01
296,MAHARASHTRA,304,PARBHANI,2018-10-01
296,MAHARASHTRA,1061,PANDHARPUR,2020-05-01
296,MAHARASHTRA,1063,PARTUR,2020-05-01
296,MAHARASHTRA,1062,Parli Vaijyanath,2020-05-01
296,MAHARASHTRA,1064,PHALTAN,2020-05-01
296,MAHARASHTRA,426,PIMPALGAON BASWANT,2018-10-01
296,MAHARASHTRA,427,PUNE,2018-10-01
296,MAHARASHTRA,428,RAHURI,2018-10-01
296,MAHARASHTRA,1065,RAHATA,2020-05-01
296,MAHARASHTRA,298,SANGLI,2018-11-01
296,MAHARASHTRA,1067,SANGAMNER,2020-05-01
296,MAHARASHTRA,1066,RISOD,2020-05-01
296,MAHARASHTRA,1068,SANGOLA,2020-05-01
296,MAHARASHTRA,453,SELU,2018-10-01
296,MAHARASHTRA,594,SENGOAN,2018-10-01
296,MAHARASHTRA,1069,SATANA,2020-05-01
296,MAHARASHTRA,595,SHAHADA,2018-10-01
296,MAHARASHTRA,1070,SAVNER,2020-05-01
296,MAHARASHTRA,596,SHEGAON,2018-10-01
296,MAHARASHTRA,597,SHIRPUR,2018-10-01
296,MAHARASHTRA,306,SHIRUR,2018-10-01
296,MAHARASHTRA,1071,SHRIRAMPUR,2020-05-01
296,MAHARASHTRA,1072,Sindevahi,2020-05-01
296,MAHARASHTRA,1073,SINDI,2020-05-01
296,MAHARASHTRA,1074,SINNER,2020-04-01
296,MAHARASHTRA,429,SOLAPUR,2018-10-01
296,MAHARASHTRA,301,TUMSAR,2018-10-01
296,MAHARASHTRA,598,UDGIR,2018-10-01
296,MAHARASHTRA,1075,TIRODA,2020-05-01
296,MAHARASHTRA,1076,UMRANE,2020-05-01
296,MAHARASHTRA,452,VANI,2018-10-01
296,MAHARASHTRA,430,VAIJAPUR,2018-10-01
296,MAHARASHTRA,431,VARORA,2018-10-01
296,MAHARASHTRA,1077,VAI,2020-05-01
296,MAHARASHTRA,432,WARDHA,2018-10-01
296,MAHARASHTRA,302,YEOLA,2018-10-01
296,MAHARASHTRA,1078,WASHIM,2020-05-01
296,MAHARASHTRA,1079,YAVATMAL,2020-05-01
35,NAGALAND,3849,DIMAPUR APMC,2022-06-01
35,NAGALAND,3848,KOHIMA APMC,2022-06-01
35,NAGALAND,3847,MOKOKCHUNG APMC,2022-06-01
35,NAGALAND,3845,PFUTSERO APMC,2022-06-01
35,NAGALAND,3846,MON APMC,2022-06-01
35,NAGALAND,3844,WOKHA APMC,2022-06-01
35,NAGALAND,3843,ZUNHEBOTO APMC,2022-06-01
35,NAGALAND,4926,BAGHTY APMC,2023-02-01
35,NAGALAND,4927,GHATASHI,2023-02-01
35,NAGALAND,4928,JALUKIE,2023-02-01
35,NAGALAND,4929,TULI,2023-02-01
35,NAGALAND,4930,KIPHIRE,2023-02-01
35,NAGALAND,4931,LONGLENG,2023-02-01
35,NAGALAND,4932,NIULAND,2023-02-01
35,NAGALAND,4934,TENNING,2023-02-01
35,NAGALAND,4936,TSEMENYU,2023-02-01
35,NAGALAND,4933,PHEK,2023-02-01
35,NAGALAND,4937,TUENSANG,2023-02-01
384,ODISHA,888,ANANDAPUR,2020-04-01
35,NAGALAND,4938,MANGKOLEMBA,2023-02-01
384,ODISHA,870,ANGUL,2020-04-01
384,ODISHA,445,BAHADAJHOLA,2018-10-01
384,ODISHA,3867,ATHMALLIK,2022-06-01
384,ODISHA,873,ATTABIRA,2020-04-01
384,ODISHA,871,BALASORE,2020-04-01
384,ODISHA,889,BALUGAON,2020-05-01
384,ODISHA,3871,BANKI,2022-06-01
384,ODISHA,874,BARGARH,2020-04-01
384,ODISHA,876,BHADRAK,2020-04-01
384,ODISHA,893,BARIPADA,2020-05-01
384,ODISHA,3850,BHANJANAGAR,2022-06-01
384,ODISHA,894,BETNOTI,2020-05-01
384,ODISHA,899,BONAI,2020-04-01
384,ODISHA,884,BHAWANIPATNA,2020-04-01
384,ODISHA,877,CHANDBALI,2020-05-01
384,ODISHA,3853,BOUDH,2022-06-01
384,ODISHA,878,DEOGARH,2020-04-01
384,ODISHA,3870,DHENKANAL,2022-06-01
384,ODISHA,880,DIGAPAHANDI,2020-04-01
384,ODISHA,898,DUNGURIPALI,2020-04-01
384,ODISHA,897,GUNUPUR,2020-04-01
384,ODISHA,879,HINDOL,2020-05-01
384,ODISHA,3856,HINJILICUT,2022-06-01
384,ODISHA,881,JAGATSINGHPUR,2020-04-01
384,ODISHA,883,JAJPUR,2020-04-01
384,ODISHA,890,JATNI,2020-04-01
384,ODISHA,872,JALESWAR,2020-05-01
384,ODISHA,891,JEYPORE,2020-05-01
384,ODISHA,3857,JHARSUGUDA,2022-06-01
384,ODISHA,3861,KAMAKHYANAGAR,2022-06-01
384,ODISHA,440,KANTABANJI,2018-12-01
384,ODISHA,886,KANDHAMAL,2020-05-01
384,ODISHA,3862,KARANJIA,2022-06-01
384,ODISHA,446,KENDUPATNA,2020-03-01
384,ODISHA,887,KENDRAPARA,2020-04-01
384,ODISHA,439,KORAPUT,2018-10-01
384,ODISHA,885,KESINGA,2020-05-01
384,ODISHA,443,KUCHINDA,2019-09-01
384,ODISHA,892,MALKANGIRI,2020-04-01
384,ODISHA,442,NABARANGPUR,2018-10-01
384,ODISHA,3863,NARSINGHPUR,2022-06-01
384,ODISHA,875,PADAMPUR OD,2020-05-01
384,ODISHA,896,NIMAPARA,2020-04-01
384,ODISHA,3897,PALLAHARA,2022-06-01
384,ODISHA,447,RAYAGADA,2019-01-01
384,ODISHA,441,PARALAKHEMUNDI,2018-10-01
384,ODISHA,900,PANPOSH,2020-05-01
384,ODISHA,882,RAHAMA,2020-05-01
384,ODISHA,448,SAKHIGOPAL,2019-07-01
384,ODISHA,3864,SAMBALPUR,2022-06-01
384,ODISHA,444,TIKABALI,2019-02-01
384,ODISHA,3865,TALCHER,2022-06-01
384,ODISHA,4940,BIRAMAHARAJPUR,2023-02-01
384,ODISHA,895,UDALA,2020-05-01
384,ODISHA,4942,CHAMPUA,2023-02-01
384,ODISHA,4941,BALANGIR,2023-02-01
384,ODISHA,4943,JUNAGARH,2023-02-01
384,ODISHA,4944,KEONJHAR,2023-02-01
384,ODISHA,4945,KHARIAR ROAD,2023-02-01
384,ODISHA,4946,MUKHIGUDA,2023-02-01
384,ODISHA,4948,PATNAGARH,2023-02-01
384,ODISHA,4947,NILGIRI,2023-02-01
384,ODISHA,4949,RAIRAKHOL,2023-02-01
384,ODISHA,4950,RAIRANGPUR,2023-02-01
599,PUDUCHERRY,601,KARAIKAL,2018-10-01
599,PUDUCHERRY,600,THATTANCHAVADY,2018-10-01
384,ODISHA,4951,SARGIPALI,2023-02-01
602,PUNJAB,603,ABOHAR,2018-10-01
602,PUNJAB,4100,AJNALA,2022-06-01
602,PUNJAB,604,AMRITSAR,2018-10-01
602,PUNJAB,917,AMLOH APMC,2020-05-01
602,PUNJAB,4101,ATTARI,2022-06-01
602,PUNJAB,4102,BALACHAUR,2022-07-01
602,PUNJAB,605,BARNALA,2018-10-01
602,PUNJAB,4103,BARETA,2022-06-01
602,PUNJAB,4105,BANGA,2022-07-01
602,PUNJAB,606,BHATINDA,2018-10-01
602,PUNJAB,4106,BATALA,2022-06-01
602,PUNJAB,915,BHIKHI APMC,2020-05-01
602,PUNJAB,4109,BHIKHIWIND,2022-06-01
602,PUNJAB,4110,BHOGPUR,2022-06-01
602,PUNJAB,901,BHUCHO MANDI APMC,2020-05-01
602,PUNJAB,902,BUDHLADA APMC,2020-05-01
602,PUNJAB,4111,DERA BABA NANAK,2022-06-01
602,PUNJAB,4112,DHURI,2022-07-01
602,PUNJAB,4113,DUDAN SADHAN,2022-06-01
602,PUNJAB,4159,DINANAGAR,2022-07-01
602,PUNJAB,903,FARIDKOT APMC,2020-05-01
602,PUNJAB,611,FAZILKA,2018-10-01
602,PUNJAB,609,FATHEGARH SAHIB,2018-10-01
602,PUNJAB,4114,FATEHGARH CHURIAN,2022-07-01
602,PUNJAB,614,GONIANA,2018-10-01
602,PUNJAB,613,GIDDERBAHA,2018-10-01
602,PUNJAB,4115,FEROZEPUR CANTT,2022-07-01
602,PUNJAB,904,FEROZEPUR CITY APMC,2020-05-01
602,PUNJAB,616,HOSHIYARPUR,2018-10-01
602,PUNJAB,905,GURDASPUR APMC,2020-05-01
602,PUNJAB,4116,GURUHARSAHAI,2022-07-01
602,PUNJAB,4157,JAGRAON,2022-07-01
602,PUNJAB,617,JALANDHAR,2018-10-01
602,PUNJAB,4117,JAITO,2022-07-01
602,PUNJAB,4118,JALALBAD,2022-07-01
602,PUNJAB,4120,JANDIALA GURU GEHRI,2022-06-01
602,PUNJAB,4121,KALANAUR,2022-06-01
602,PUNJAB,906,KAPURTHALA APMC,2020-05-01
602,PUNJAB,4122,KHANAURI,2022-07-01
602,PUNJAB,918,KHANNA APMC,2020-05-01
602,PUNJAB,907,KHARAR APMC,2020-05-01
602,PUNJAB,4123,KHEMKARAN,2022-06-01
602,PUNJAB,908,KOTKAPURA APMC,2020-05-01
602,PUNJAB,4124,LEHRAGAGA,2022-06-01
602,PUNJAB,909,LUDHIANA APMC,2020-05-01
602,PUNJAB,4160,MACHHIWARA SAHIB,2022-07-01
602,PUNJAB,4158,MAKHU,2022-07-01
602,PUNJAB,621,MANSA,2018-10-01
602,PUNJAB,910,MALOUT APMC,2020-05-01
602,PUNJAB,4162,MALERKOTLA,2022-06-01
602,PUNJAB,620,MAUR,2018-10-01
602,PUNJAB,622,MUKTSAR,2018-10-01
602,PUNJAB,911,MOGA APMC,2020-05-01
602,PUNJAB,4163,MEHTA,2022-06-01
602,PUNJAB,4126,MOONAK,2022-06-01
602,PUNJAB,4141,NABHA,2022-06-01
602,PUNJAB,4161,NAKODAR,2022-06-01
602,PUNJAB,912,NAWANSHAHR MARKET,2020-07-01
602,PUNJAB,4127,NAUSHEHARA PANNUAN,2022-07-01
602,PUNJAB,624,PATHANKOT,2018-10-01
602,PUNJAB,625,PATIALA,2018-10-01
602,PUNJAB,4128,PATRAN,2022-06-01
602,PUNJAB,4129,PATTI,2022-07-01
602,PUNJAB,4130,PHAGWARA,2022-07-01
602,PUNJAB,4131,RAJPURA,2022-06-01
602,PUNJAB,626,RAMPURA PHUL,2018-10-01
602,PUNJAB,913,RAMAN APMC,2020-05-01
602,PUNJAB,627,ROPAR,2018-10-01
602,PUNJAB,631,SANGRUR,2018-10-01
602,PUNJAB,4132,RAYYA,2022-07-01
602,PUNJAB,4133,SADIQ,2022-07-01
602,PUNJAB,4134,SAMANA,2022-06-01
602,PUNJAB,914,SARDULGARH APMC,2020-05-01
602,PUNJAB,4135,SHAHKOT,2022-06-01
602,PUNJAB,632,TAPPA,2018-10-01
602,PUNJAB,4138,SUNAM,2022-06-01
602,PUNJAB,4137,SULTANPUR LODHI,2022-07-01
602,PUNJAB,4139,TALWANDI BHAI,2022-06-01
602,PUNJAB,916,TARN TARAN APMC,2020-05-01
26,RAJASTHAN,1080,AABU ROAD,2020-04-01
26,RAJASTHAN,1082,AJMER F AND V,2020-04-01
26,RAJASTHAN,1081,AJMER GRAIN,2020-04-01
26,RAJASTHAN,163,ATRU,2018-10-01
26,RAJASTHAN,1083,ALWAR,2020-04-01
26,RAJASTHAN,1084,ANOOPGARH,2020-04-01
26,RAJASTHAN,1085,ANTA,2020-04-01
26,RAJASTHAN,323,BANDIKUI,2018-10-01
26,RAJASTHAN,1086,BAJJU,2020-04-01
26,RAJASTHAN,1087,BALOTRA,2020-04-01
26,RAJASTHAN,164,BARAN,2018-10-01
26,RAJASTHAN,1088,BANSWARA,2020-04-01
26,RAJASTHAN,1090,BARISADRI,2020-04-01
26,RAJASTHAN,1091,BARMER,2020-04-01
26,RAJASTHAN,1092,BARODAMEV,2020-04-01
26,RAJASTHAN,1093,BASSI,2020-04-01
26,RAJASTHAN,1094,BAYANA,2020-04-01
26,RAJASTHAN,1096,BEGU,2020-04-01
26,RAJASTHAN,1095,BEAWAR,2020-04-01
26,RAJASTHAN,1097,BHADRA,2020-04-01
26,RAJASTHAN,1098,BHAGAT KI KOTHI,2020-04-01
26,RAJASTHAN,1099,BHARATPUR,2020-04-01
26,RAJASTHAN,1100,BHAWANI MANDI,2020-04-01
26,RAJASTHAN,1101,BHILWARA,2020-04-01
26,RAJASTHAN,1102,BHINMAL,2020-04-01
26,RAJASTHAN,1103,BIJAY NAGAR,2020-04-01
26,RAJASTHAN,1105,BIKANER F AND V,2020-04-01
26,RAJASTHAN,1104,BIJOLIYA,2020-04-01
26,RAJASTHAN,333,BIKANER GRAIN,2018-10-01
26,RAJASTHAN,165,BUNDI,2018-10-01
26,RAJASTHAN,1106,BILARA,2020-04-01
26,RAJASTHAN,1107,CHABRA,2020-04-01
26,RAJASTHAN,1108,CHAKSU,2020-04-01
26,RAJASTHAN,1109,CHIRAWA,2020-04-01
26,RAJASTHAN,1110,CHITTORGARH,2020-04-01
26,RAJASTHAN,1111,CHOMEHLA,2020-04-01
26,RAJASTHAN,1113,CHOMU F AND V,2020-04-01
26,RAJASTHAN,1112,CHOMU GRAIN,2020-04-01
26,RAJASTHAN,1114,CHOTTISADRI,2020-04-01
26,RAJASTHAN,1115,CHURU,2020-04-01
26,RAJASTHAN,1116,DAUSA,2020-04-01
26,RAJASTHAN,1117,DEEDWANA,2020-04-01
26,RAJASTHAN,1118,DEEG,2020-04-01
26,RAJASTHAN,1119,DEGANA,2020-04-01
26,RAJASTHAN,324,DEOLI,2018-10-01
26,RAJASTHAN,1120,DEI,2020-04-01
26,RAJASTHAN,169,FATEHNAGAR,2018-10-01
26,RAJASTHAN,1121,DHOLPUR,2020-04-01
26,RAJASTHAN,1122,DOONI,2020-04-01
26,RAJASTHAN,1123,DUNGARPUR,2020-04-01
26,RAJASTHAN,166,GANGAPUR CITY,2018-10-01
26,RAJASTHAN,1124,FATEHPUR,2020-04-01
26,RAJASTHAN,1125,GAJSINGHPUR,2020-04-01
26,RAJASTHAN,1126,GANGAPUR-RJ,2020-04-01
26,RAJASTHAN,1127,GHARSANA,2020-04-01
26,RAJASTHAN,1128,GOLUWALA,2020-04-01
26,RAJASTHAN,1129,GUDA GODJI,2020-04-01
26,RAJASTHAN,1130,HANUMANGARH,2020-04-01
26,RAJASTHAN,167,HINDOUN,2018-10-01
26,RAJASTHAN,3842,HANUMANGARH TOWN,2022-06-01
26,RAJASTHAN,1131,IKLERA,2020-04-01
26,RAJASTHAN,1132,ITAWA,2020-04-01
26,RAJASTHAN,1133,JAIPUR F AND V MUHANA,2020-04-01
26,RAJASTHAN,1134,JAIPUR GRAIN,2020-04-01
26,RAJASTHAN,1135,JAISALMER,2020-04-01
26,RAJASTHAN,1136,JAITARAN,2020-04-01
26,RAJASTHAN,1137,JAITSAR,2020-04-01
26,RAJASTHAN,1138,JALORE,2020-04-01
26,RAJASTHAN,1139,JHALRAPATAN,2020-04-01
26,RAJASTHAN,1140,JHUNJHUNU,2020-04-01
26,RAJASTHAN,322,JODHPUR GRAIN,2018-10-01
26,RAJASTHAN,326,KAMAN,2018-10-01
26,RAJASTHAN,1141,JODHPUR F AND V,2020-04-01
26,RAJASTHAN,332,KESHORAIPATAN,2018-10-01
26,RAJASTHAN,1142,KAPASAN,2020-04-01
26,RAJASTHAN,1143,KEKRI,2020-04-01
26,RAJASTHAN,1144,KESRISINGHPUR,2020-04-01
26,RAJASTHAN,1145,KHAIRTHAL,2020-04-01
26,RAJASTHAN,1146,KHAJUWALA,2020-04-01
26,RAJASTHAN,1147,KHANPUR,2020-04-01
26,RAJASTHAN,1148,KHERLI,2020-04-01
26,RAJASTHAN,168,KOTA,2018-10-01
26,RAJASTHAN,1149,KISHANGARH RENWAL,2020-04-01
26,RAJASTHAN,1150,KOTA F AND V,2020-04-01
26,RAJASTHAN,1151,KOTPUTLI,2020-04-01
26,RAJASTHAN,1152,KUCHAMANCITY,2020-04-01
26,RAJASTHAN,1154,LALSOT,2020-04-01
26,RAJASTHAN,1155,LOONKARANSAR,2020-04-01
26,RAJASTHAN,1156,M. KISHANGARH,2020-04-01
26,RAJASTHAN,1159,MAHUWA MANDAWAR,2020-04-01
26,RAJASTHAN,1157,MAHUWA RJ,2020-04-01
26,RAJASTHAN,327,MANDAWARI,2018-10-01
26,RAJASTHAN,1089,MALPURA,2020-04-01
26,RAJASTHAN,1158,MANDALGARH,2020-04-01
26,RAJASTHAN,170,MERTA CITY,2018-10-01
26,RAJASTHAN,328,NADBAI,2018-10-01
26,RAJASTHAN,423,NAGAR,2018-10-01
26,RAJASTHAN,230,NAGOUR,2018-10-01
26,RAJASTHAN,321,NIWAI,2018-10-01
26,RAJASTHAN,1160,NAWALGARH,2020-04-01
26,RAJASTHAN,1161,NEEM KA THANA,2020-04-01
26,RAJASTHAN,1162,NIMBAHERA,2020-04-01
26,RAJASTHAN,329,NOKHA,2018-10-01
26,RAJASTHAN,171,PADAMPUR,2018-10-01
26,RAJASTHAN,1163,NOHAR,2020-04-01
26,RAJASTHAN,1164,PALI,2020-04-01
26,RAJASTHAN,1165,PALSANA,2020-04-01
26,RAJASTHAN,1166,PHALODI,2020-04-01
26,RAJASTHAN,1167,PILIBANGA,2020-04-01
26,RAJASTHAN,1168,PIPARCITY,2020-04-01
26,RAJASTHAN,1169,PRATAPGARH RJ,2020-04-01
26,RAJASTHAN,1170,RAISINGHNAGAR,2020-04-01
26,RAJASTHAN,1153,RAJDHANI MANDI KUKARKHERA,2020-04-01
26,RAJASTHAN,27,RAMGANJ MANDI,2018-10-01
26,RAJASTHAN,1171,RAJSAMAND,2020-04-01
26,RAJASTHAN,1172,RANI,2020-04-01
26,RAJASTHAN,1173,RANIWARA,2020-04-01
26,RAJASTHAN,1174,RATANGARH,2020-04-01
26,RAJASTHAN,1175,RAWATSAR,2020-04-01
26,RAJASTHAN,1176,RAWLA,2020-04-01
26,RAJASTHAN,1177,RIDMALSAR,2020-04-01
26,RAJASTHAN,1178,SADULPUR,2020-04-01
26,RAJASTHAN,1179,SADULSHAHAR,2020-04-01
26,RAJASTHAN,1180,SANCHORE,2020-04-01
26,RAJASTHAN,1181,SANGARIYA,2020-04-01
26,RAJASTHAN,1182,SARDAR SHAHAR,2020-04-01
26,RAJASTHAN,1183,SAWAI MADHOPUR,2020-04-01
26,RAJASTHAN,1184,SHAHPURA,2020-04-01
26,RAJASTHAN,1185,SIKAR,2020-04-01
26,RAJASTHAN,1186,SOJAT ROAD,2020-04-01
26,RAJASTHAN,325,SRI GANGANAGAR GRAIN,2018-10-01
26,RAJASTHAN,1187,SRI DUNGARGARH,2020-04-01
26,RAJASTHAN,330,SRI MADHOPUR,2018-10-01
26,RAJASTHAN,1190,SRI VIJAYNAGAR,2020-04-01
26,RAJASTHAN,1188,SRIGANGANAGAR F AND V,2020-04-01
26,RAJASTHAN,1189,SRIKARANPUR,2020-04-01
26,RAJASTHAN,1191,SUJANGARH,2020-04-01
26,RAJASTHAN,331,SUMERPUR,2018-10-01
26,RAJASTHAN,1192,SUMERGANJ,2020-04-01
26,RAJASTHAN,1193,SURAJGARH,2020-04-01
26,RAJASTHAN,1194,SURATGARH,2020-04-01
26,RAJASTHAN,1195,TONK,2020-04-01
26,RAJASTHAN,1196,UDAIPUR F AND V,2020-05-01
26,RAJASTHAN,1197,UDAIPUR GRAIN,2020-04-01
26,RAJASTHAN,1198,UNIYARA,2020-04-01
509,TAMIL NADU,3962,ALANGUDI,2022-06-01
509,TAMIL NADU,520,AMMOOR,2018-10-01
509,TAMIL NADU,682,ANAIMALAI,2018-10-01
509,TAMIL NADU,3964,AMBASAMUTHIRAM,2022-06-01
509,TAMIL NADU,510,ANNUR,2018-10-01
509,TAMIL NADU,514,ANTHIYUR,2018-10-01
509,TAMIL NADU,920,ARANI,2020-04-01
509,TAMIL NADU,3965,ARANTHANGI,2022-06-01
509,TAMIL NADU,3966,ARCOT,2022-06-01
509,TAMIL NADU,3967,ATTHUR,2022-06-01
509,TAMIL NADU,3968,AVALPOONDURAI,2022-06-01
509,TAMIL NADU,952,AVALURPET,2020-04-01
509,TAMIL NADU,3969,BATLAGUNDU,2022-06-01
509,TAMIL NADU,3970,BODINAYAKANUR,2022-06-01
509,TAMIL NADU,3971,BOOTHAPADI,2022-06-01
509,TAMIL NADU,3972,BUDALUR,2022-06-01
509,TAMIL NADU,924,CHETPET,2020-04-01
509,TAMIL NADU,919,CHEYYAR,2020-04-01
509,TAMIL NADU,516,CUMBUM,2018-11-01
509,TAMIL NADU,3973,CHINNAMANUR,2022-06-01
509,TAMIL NADU,3974,CHINNASALEM,2022-06-01
509,TAMIL NADU,3975,CUDDALORE OT,2022-06-01
509,TAMIL NADU,921,DESUR,2020-04-01
509,TAMIL NADU,511,DINDIGUL,2018-10-01
509,TAMIL NADU,3976,DEVAKOTTAI,2022-06-01
509,TAMIL NADU,3977,EDAPPADI,2022-06-01
509,TAMIL NADU,927,ERODE,2020-04-01
509,TAMIL NADU,3978,ELUMATHUR,2022-06-01
509,TAMIL NADU,524,GINGEE,2018-10-01
509,TAMIL NADU,3979,GANGAVALLI,2022-06-01
509,TAMIL NADU,512,GOBICHETTIPALAYAM,2018-10-01
509,TAMIL NADU,3980,GOPAL PATTI,2022-06-01
509,TAMIL NADU,938,GUDIYATHAM,2020-04-01
509,TAMIL NADU,958,HARUR,2020-04-01
509,TAMIL NADU,3981,JEYANKONDAM,2022-06-01
509,TAMIL NADU,521,KALAVAI,2018-10-01
509,TAMIL NADU,679,KALLAKURICHI,2018-10-01
509,TAMIL NADU,3982,KADAYANALLUR,2022-06-01
509,TAMIL NADU,950,KAMUTHI,2020-04-01
509,TAMIL NADU,945,KANCHEEPURAM,2020-04-01
509,TAMIL NADU,3983,KANGEYAM,2022-06-01
509,TAMIL NADU,3984,KARIKUDI,2022-06-01
509,TAMIL NADU,956,KILPENNATHUR,2020-04-01
509,TAMIL NADU,3985,KATTUMANNARKOIL,2022-06-01
509,TAMIL NADU,3989,KODUMUDI,2022-06-01
509,TAMIL NADU,3990,KONGANAPURAM,2022-06-01
509,TAMIL NADU,3991,KUDAVASAL,2022-06-01
509,TAMIL NADU,3992,KULASEKHARAM,2022-06-01
509,TAMIL NADU,687,LALGUDI,2018-10-01
509,TAMIL NADU,3993,KUMBAKONAM,2022-06-01
509,TAMIL NADU,3994,KURUNJIPADY,2022-06-01
509,TAMIL NADU,940,KUTHALAM,2020-04-01
509,TAMIL NADU,688,MADURAI,2018-10-01
509,TAMIL NADU,3996,MADATHUKULAM,2022-06-01
509,TAMIL NADU,944,MADURANATHANGAM,2020-04-01
509,TAMIL NADU,3997,MANALURPET,2022-06-01
509,TAMIL NADU,3998,MANAMADURAI,2022-06-01
509,TAMIL NADU,4000,MANNARKUDI,2022-06-01
509,TAMIL NADU,941,MAYILADUTHURAI,2020-04-01
509,TAMIL NADU,4001,MECHERI,2022-06-01
509,TAMIL NADU,4002,MELUR,2022-06-01
509,TAMIL NADU,934,MOOLANUR,2020-04-01
509,TAMIL NADU,949,MUDHUKALATHUR,2020-04-01
509,TAMIL NADU,929,NATHAM,2020-04-01
509,TAMIL NADU,4003,NAMAGIRIPETTAI,2022-06-01
509,TAMIL NADU,933,NEGAMAM,2020-04-01
509,TAMIL NADU,931,ODDANCHATRAM,2020-04-01
509,TAMIL NADU,930,PALANI,2020-04-01
509,TAMIL NADU,4004,ORATHANADU,2022-06-01
509,TAMIL NADU,928,PANRUTI,2020-04-01
509,TAMIL NADU,515,PARAMAKUDI,2019-01-01
509,TAMIL NADU,686,PARAMATHI VELUR,2018-10-01
509,TAMIL NADU,4005,PAPANASAM,2022-06-01
509,TAMIL NADU,684,PERUNDURAI,2019-01-01
509,TAMIL NADU,519,PETHAPPAMPATTI,2019-01-01
509,TAMIL NADU,4006,PATTUKKOTTAI,2022-06-01
509,TAMIL NADU,4007,PAVOORCHATRAM,2022-06-01
509,TAMIL NADU,4008,POCHAMPALLI,2022-06-01
509,TAMIL NADU,932,POLLACHI,2020-04-01
509,TAMIL NADU,923,POLUR,2020-04-01
509,TAMIL NADU,4009,PONGALUR,2022-06-01
509,TAMIL NADU,947,RAJAPALAYAM,2020-04-01
509,TAMIL NADU,4010,PUNJAI PULIAMPADDI,2022-06-01
509,TAMIL NADU,951,RAJASINGAMANGALAM,2020-04-01
509,TAMIL NADU,4011,RAMANATHAPURAM,2022-06-01
509,TAMIL NADU,4012,REDHILLS,2022-06-01
509,TAMIL NADU,4013,SALEM,2022-06-01
509,TAMIL NADU,4014,SANKARANKOVIL,2022-06-01
509,TAMIL NADU,513,SATHYAMANGALAM,2018-10-01
509,TAMIL NADU,925,SANKARAPURAM,2020-04-01
509,TAMIL NADU,942,SEMBANARKOIL,2020-04-01
509,TAMIL NADU,4015,SETHIATHOPE,2022-06-01
509,TAMIL NADU,943,SIRKALI,2020-04-01
509,TAMIL NADU,4016,SINGAMPUNERI,2022-06-01
509,TAMIL NADU,4017,SIVAGANGAI,2022-06-01
509,TAMIL NADU,4018,SIVAGIRI,2022-06-01
509,TAMIL NADU,4020,SRIMUSHNAM,2022-06-01
509,TAMIL NADU,4021,SRIVAIKUNDAM,2022-06-01
509,TAMIL NADU,4022,T VADIPATTI,2022-06-01
509,TAMIL NADU,4024,TENKASI,2022-06-01
509,TAMIL NADU,946,THENI,2020-04-01
509,TAMIL NADU,4025,THANJAVUR,2022-06-01
509,TAMIL NADU,523,THIRUKOVILUR,2018-10-01
509,TAMIL NADU,517,THIRUPPUR,2019-01-01
509,TAMIL NADU,936,THIRUPATHUR,2020-04-01
509,TAMIL NADU,4026,THIRUPOONDI,2022-06-01
509,TAMIL NADU,4027,THIRUVADANAI,2022-06-01
509,TAMIL NADU,926,THIYAGADURGAM,2020-04-01
509,TAMIL NADU,4028,THUVARANKURICHY,2022-06-01
509,TAMIL NADU,953,TINDIVANAM,2020-04-01
509,TAMIL NADU,4029,TIRUNELVELI,2022-06-01
509,TAMIL NADU,518,UDUMALPET,2018-12-01
509,TAMIL NADU,522,ULUNDURPETTAI,2018-10-01
509,TAMIL NADU,4030,TIRUVARUR,2022-06-01
509,TAMIL NADU,939,USILAMPATTI,2020-04-01
509,TAMIL NADU,4031,VALANGAIMAN,2022-06-01
509,TAMIL NADU,957,VANDAVASI,2020-04-01
509,TAMIL NADU,3963,VALLIOOR,2022-06-01
509,TAMIL NADU,685,VELLAKOIL,2018-10-01
509,TAMIL NADU,937,VANIYAMBADI,2020-04-01
509,TAMIL NADU,935,VELLORE,2020-04-01
509,TAMIL NADU,4032,VAZHAPPADI,2022-06-01
509,TAMIL NADU,922,VETTAVALAM,2020-04-01
509,TAMIL NADU,955,VIKIRAVANDI,2020-04-01
509,TAMIL NADU,683,VIRUDHACHALAM,2018-10-01
509,TAMIL NADU,954,VILLUPURAM,2020-04-01
509,TAMIL NADU,948,VIRUDHUNAGAR,2020-04-01
509,TAMIL NADU,4956,MARAKKANAM,2023-03-01
509,TAMIL NADU,4957,VALATHI,2023-03-01
509,TAMIL NADU,4960,SATTUR,2023-03-01
509,TAMIL NADU,4961,ARUPPUKOTTAI,2023-03-01
509,TAMIL NADU,4962,BHAVANI,2023-03-01
509,TAMIL NADU,4963,THALAVADI,2023-03-01
509,TAMIL NADU,4964,VELLANKOIL,2023-03-01
509,TAMIL NADU,4965,SEVUR,2023-03-01
509,TAMIL NADU,4967,MANAPPARAI,2023-03-01
509,TAMIL NADU,4966,TIRUCHIRAPALLI,2023-03-01
509,TAMIL NADU,4968,THAMMAMPATTI,2023-03-01
509,TAMIL NADU,4969,KARUMANDURAI,2023-03-01
509,TAMIL NADU,4970,OMALUR,2023-03-01
509,TAMIL NADU,4971,THIRUMANGALAM,2023-03-01
509,TAMIL NADU,4972,ILUPPUR,2023-03-01
509,TAMIL NADU,4973,PERUMBALUR,2023-03-01
509,TAMIL NADU,4974,SENJERI MALAIYADIPALAYAM,2023-03-01
509,TAMIL NADU,4975,THONDAMUTHUR,2023-03-01
509,TAMIL NADU,4976,COIMBATORE,2023-03-01
509,TAMIL NADU,4977,SULUR,2023-03-01
509,TAMIL NADU,4990,VADAMADURAI,2023-03-01
509,TAMIL NADU,4991,THIRUVALLUR,2023-03-01
509,TAMIL NADU,4992,UTHIRAMERUR,2023-03-01
509,TAMIL NADU,4993,TIRUTTANI,2023-03-01
509,TAMIL NADU,4994,PALACODE,2023-03-01
509,TAMIL NADU,4996,KRISHNAGIRI,2023-03-01
509,TAMIL NADU,5005,DHARMAPURI,2023-03-01
509,TAMIL NADU,5006,HOSUR,2023-03-01
28,TELANGANA,87,ACHAMPET,2018-10-01
509,TAMIL NADU,5007,THURAIYUR,2023-03-01
509,TAMIL NADU,5008,KINATHUKADAVU,2023-03-01
28,TELANGANA,62,ADILABAD,
28,TELANGANA,98,ATMAKUR,2018-10-01
28,TELANGANA,31,BADEPALLY,2018-10-01
28,TELANGANA,63,BHAINSA,2018-10-01
28,TELANGANA,83,CHOPPADANDI,2018-10-01
28,TELANGANA,99,DEVARAKADRA,2018-10-01
28,TELANGANA,962,BOWENPALLY,2020-05-01
28,TELANGANA,71,DEVARAKONDA,2020-06-01
28,TELANGANA,73,GADWAL,2018-10-01
28,TELANGANA,959,ECHODA,2020-05-01
28,TELANGANA,960,ENKOOR,2020-05-01
28,TELANGANA,961,GADDIANNARAM,2020-05-01
28,TELANGANA,88,GANGADHARA,
28,TELANGANA,79,GAJWEL,2018-10-01
28,TELANGANA,94,GOLLAPALLY,2018-10-01
28,TELANGANA,49,HYDERABAD,2018-10-01
28,TELANGANA,84,JAGTIAL,2018-10-01
28,TELANGANA,963,GUDIMALKAPUR,2020-05-01
28,TELANGANA,964,HUSNABAD,2020-05-01
28,TELANGANA,65,JAMMIKUNTA,2018-10-01
28,TELANGANA,80,KAMAREDDY,
28,TELANGANA,92,JOGIPET,2018-10-01
28,TELANGANA,85,KALWAKURTHY,2019-02-01
28,TELANGANA,75,JANGAON,2019-08-01
28,TELANGANA,64,KARIMNAGAR,2018-10-01
28,TELANGANA,76,KESAMUDRAM,2018-10-01
28,TELANGANA,61,KHAMMAM,2018-10-01
28,TELANGANA,535,MAHABUBABAD,2018-10-01
28,TELANGANA,77,MAHBUBNAGAR,2018-10-01
28,TELANGANA,966,MADNOOR,2020-05-01
28,TELANGANA,90,MAKTHAL,2019-05-01
28,TELANGANA,97,METPALLY,2019-02-01
28,TELANGANA,89,NAKREKAL,
28,TELANGANA,78,NAGARKURNOOL,2018-10-01
28,TELANGANA,67,MIRYALAGUDA,2021-09-01
28,TELANGANA,93,NARAYANPET,2018-10-01
28,TELANGANA,68,NARSAMPET,2018-10-01
28,TELANGANA,540,NAWABPET,2018-10-01
28,TELANGANA,967,NALGONDA,2020-05-01
28,TELANGANA,30,NIZAMABAD,2018-10-01
28,TELANGANA,74,PEDDAPALLI,2018-10-01
28,TELANGANA,66,SADASIVPET,2018-10-01
28,TELANGANA,968,PARGI,2020-05-01
28,TELANGANA,969,PARKAL,2020-05-01
28,TELANGANA,69,SHADNAGAR,2018-10-01
28,TELANGANA,96,SHANKARAPALLY,2018-10-01
28,TELANGANA,70,SIDDIPET,2018-10-01
28,TELANGANA,72,SURYAPETA,2018-10-01
28,TELANGANA,82,TANDUR,2018-10-01
28,TELANGANA,48,TIRUMALGIRI,2018-10-01
28,TELANGANA,539,VATPALLY,2018-11-01
28,TELANGANA,91,VIKARABAD,2018-10-01
28,TELANGANA,95,WANAPARTHY ROAD,2018-11-01
28,TELANGANA,86,WANAPARTHY TOWN,2018-10-01
28,TELANGANA,29,WARANGAL,2018-10-01
28,TELANGANA,81,ZAHEERABAD,2018-10-01
36,TRIPURA,4168,KULAI,2022-07-01
36,TRIPURA,4148,MOHANPUR,2022-07-01
36,TRIPURA,4167,PABIACHERRA,2022-07-01
36,TRIPURA,4149,PANISAGAR,2022-07-01
36,TRIPURA,4150,SANTIRBAZAR,2022-07-01
36,TRIPURA,4151,SONAMURA,2022-07-01
46,UTTAR PRADESH,970,ACHHALDA APMC,2020-04-01
36,TRIPURA,4152,TELIAMURA,2022-07-01
46,UTTAR PRADESH,475,ACHNERA,2018-10-01
46,UTTAR PRADESH,183,AGRA,2018-10-01
46,UTTAR PRADESH,476,AJUHA,2018-10-01
46,UTTAR PRADESH,186,AKBARPUR,2018-10-01
46,UTTAR PRADESH,195,ALIGARH,2018-10-01
46,UTTAR PRADESH,211,AURAIYA,2018-10-01
46,UTTAR PRADESH,971,AMROHA APMC,2020-04-01
46,UTTAR PRADESH,972,ANAND NAGAR APMC,2020-04-01
46,UTTAR PRADESH,973,ATARRA APMC,2020-04-01
46,UTTAR PRADESH,205,AZAMGARH,2018-10-01
46,UTTAR PRADESH,212,BADAUN,2018-10-01
46,UTTAR PRADESH,58,BAHRAICH,2018-10-01
46,UTTAR PRADESH,477,BALLIA,2018-10-01
46,UTTAR PRADESH,192,AYODHYA,2020-01-01
46,UTTAR PRADESH,478,BANDA,2018-10-01
46,UTTAR PRADESH,161,BANGARMAU,2018-10-01
46,UTTAR PRADESH,974,BALRAMPUR APMC,2020-04-01
46,UTTAR PRADESH,206,BARABANKI,2018-10-01
46,UTTAR PRADESH,207,BAREILLY,2018-10-01
46,UTTAR PRADESH,208,BASTI,2018-10-01
46,UTTAR PRADESH,479,BHARTHANA,2018-10-01
46,UTTAR PRADESH,480,BHARUASUMERPUR,2018-10-01
46,UTTAR PRADESH,482,BILSI,2018-10-01
46,UTTAR PRADESH,483,BINDIKI,2018-10-01
46,UTTAR PRADESH,213,BISALPUR,2018-10-01
46,UTTAR PRADESH,310,BULANDSHAHAR,2018-10-01
46,UTTAR PRADESH,172,CHANDAULI,2018-10-01
46,UTTAR PRADESH,484,CHARRA,2018-10-01
46,UTTAR PRADESH,184,CHAUBEPUR,2018-10-01
46,UTTAR PRADESH,209,CHANDAUSI,2018-10-01
46,UTTAR PRADESH,188,CHIBRAMAU,2018-10-01
46,UTTAR PRADESH,485,DADRI UP,2018-10-01
46,UTTAR PRADESH,191,ETAH,2018-10-01
46,UTTAR PRADESH,214,DEORIA,2018-10-01
46,UTTAR PRADESH,215,ETAWAH,2018-10-01
46,UTTAR PRADESH,486,FARRUKHABAD,2018-10-01
46,UTTAR PRADESH,487,FATEHPUR SIKRI,2018-10-01
46,UTTAR PRADESH,975,FATEHPUR APMC,2020-04-01
46,UTTAR PRADESH,193,GHAZIABAD,2018-10-01
46,UTTAR PRADESH,488,GHIROR,2018-10-01
46,UTTAR PRADESH,976,FIROZABAD APMC,2020-04-01
46,UTTAR PRADESH,194,GONDA,2018-10-01
46,UTTAR PRADESH,196,GORAKHPUR,2018-10-01
46,UTTAR PRADESH,216,GOLAGOKARNATH,2018-10-01
46,UTTAR PRADESH,217,HAPUR,2018-10-01
46,UTTAR PRADESH,200,HARDOI,2018-10-01
46,UTTAR PRADESH,203,HATHRAS,2018-10-01
46,UTTAR PRADESH,204,JAHANGIRABAD,2018-10-01
46,UTTAR PRADESH,218,JAIS,2018-10-01
46,UTTAR PRADESH,977,HASANPUR APMC,2020-04-01
46,UTTAR PRADESH,489,JALAUN,2018-10-01
46,UTTAR PRADESH,490,JANGIPURA,2018-10-01
46,UTTAR PRADESH,978,JALALABAD APMC,2020-04-01
46,UTTAR PRADESH,219,JHANSI,2018-10-01
46,UTTAR PRADESH,174,KAIMGANJ,2018-10-01
46,UTTAR PRADESH,173,KANNAUJ,2018-10-01
46,UTTAR PRADESH,979,JAUNPUR APMC,2020-04-01
46,UTTAR PRADESH,175,KANPUR,2018-10-01
46,UTTAR PRADESH,176,KASGANJ,2018-10-01
46,UTTAR PRADESH,177,KHAIR,2018-10-01
46,UTTAR PRADESH,492,KHALILABAD,2018-10-01
46,UTTAR PRADESH,980,KARWI APMC,2020-04-01
46,UTTAR PRADESH,493,KHURJA,2018-11-01
46,UTTAR PRADESH,220,KONCH,2018-10-01
46,UTTAR PRADESH,494,KOPAGANJ,2018-10-01
46,UTTAR PRADESH,495,KOSIKALAN,2018-10-01
46,UTTAR PRADESH,56,LAKHIMPUR,2018-10-01
46,UTTAR PRADESH,57,LALITPUR,2018-10-01
46,UTTAR PRADESH,221,LUCKNOW,2018-10-01
46,UTTAR PRADESH,222,MADHOGANJ,2018-10-01
46,UTTAR PRADESH,178,MAHMUDABAD,2018-10-01
46,UTTAR PRADESH,179,MAHOBA,2018-10-01
46,UTTAR PRADESH,181,MAINPURI,2018-10-01
46,UTTAR PRADESH,51,MATHURA,2018-10-01
46,UTTAR PRADESH,496,MAURANIPUR,2018-10-01
46,UTTAR PRADESH,182,MEERUT,2018-10-01
46,UTTAR PRADESH,497,MILAK,2018-10-01
46,UTTAR PRADESH,498,MIRZAPUR,2018-10-01
46,UTTAR PRADESH,185,MORADABAD,2018-10-01
46,UTTAR PRADESH,499,MUSKERA,2018-10-01
46,UTTAR PRADESH,187,MUZZAFFARNAGAR,2018-10-01
46,UTTAR PRADESH,981,MOHAMADABAD APMC,2020-04-01
46,UTTAR PRADESH,500,NAANPARA,2018-10-01
46,UTTAR PRADESH,982,NAJIBABAD APMC,2020-04-01
46,UTTAR PRADESH,983,NAUGARH APMC,2020-04-01
46,UTTAR PRADESH,984,NAUTANWA APMC,2020-04-01
46,UTTAR PRADESH,985,NAWABGANJ APMC,2020-04-01
46,UTTAR PRADESH,502,PALIA KALAN,2018-10-01
46,UTTAR PRADESH,190,PARTAWAL,2018-10-01
46,UTTAR PRADESH,223,PILIBHIT,2018-10-01
46,UTTAR PRADESH,986,NOIDA APMC,2020-04-01
46,UTTAR PRADESH,224,POWAYAN,2018-10-01
46,UTTAR PRADESH,180,PRATAPGARH,2018-10-01
46,UTTAR PRADESH,225,PURANPUR,2018-10-01
46,UTTAR PRADESH,226,RAE BARELI,2018-10-01
46,UTTAR PRADESH,160,RAMPUR,2018-10-01
46,UTTAR PRADESH,481,RAMPUR BILASPUR,2018-10-01
46,UTTAR PRADESH,210,PRAYAGRAJ,2020-01-01
46,UTTAR PRADESH,197,RATH,2018-10-01
46,UTTAR PRADESH,198,ROBERTSGANJ,2018-10-01
46,UTTAR PRADESH,987,RASRA APMC,2020-04-01
46,UTTAR PRADESH,199,SAFDARGANJ,2018-10-01
46,UTTAR PRADESH,50,SAHARANPUR,2018-10-01
46,UTTAR PRADESH,988,SADABAD APMC,2020-04-01
46,UTTAR PRADESH,227,SAHIYAPUR,2018-10-01
46,UTTAR PRADESH,491,SHAGANJ,2018-10-01
46,UTTAR PRADESH,989,SAHJANWA APMC,2020-04-01
46,UTTAR PRADESH,990,SAMBHAL APMC,2020-04-01
46,UTTAR PRADESH,991,SANDILA APMC,2020-04-01
46,UTTAR PRADESH,503,SHAHBAD HARDOI,2018-10-01
46,UTTAR PRADESH,228,SHAHJAHANPUR,2018-10-01
46,UTTAR PRADESH,504,SHAMLI,2018-10-01
46,UTTAR PRADESH,505,SHIKOHABAD,2018-10-01
46,UTTAR PRADESH,229,SIRSAGANJ,2018-10-01
46,UTTAR PRADESH,201,SITAPUR,2018-10-01
46,UTTAR PRADESH,55,SULTANPUR,2018-10-01
46,UTTAR PRADESH,506,TIKUNIYA,2018-10-01
46,UTTAR PRADESH,507,TUNDLA,2018-10-01
46,UTTAR PRADESH,508,UJHANI,2018-10-01
46,UTTAR PRADESH,992,TULSIPUR APMC,2020-04-01
46,UTTAR PRADESH,501,URAI,2018-10-01
46,UTTAR PRADESH,202,VARANASI,2018-10-01
46,UTTAR PRADESH,993,UNNAO APMC,2020-04-01
385,UTTARAKHAND,648,BAZPUR,2018-10-01
385,UTTARAKHAND,639,DEHRADUN,2018-10-01
385,UTTARAKHAND,435,GADARPUR,2018-10-01
46,UTTAR PRADESH,994,WAZIRGANJ APMC,2020-04-01
385,UTTARAKHAND,643,HALDWANI,2018-10-01
385,UTTARAKHAND,438,HARIDWAR,2018-10-01
385,UTTARAKHAND,649,JASPUR,2018-10-01
385,UTTARAKHAND,434,KASHIPUR,2018-10-01
385,UTTARAKHAND,645,KHATIMA,2018-10-01
385,UTTARAKHAND,436,KICHHA,2018-10-01
385,UTTARAKHAND,647,NANAKMATTA,2018-10-01
385,UTTARAKHAND,644,RAMNAGAR,2018-10-01
385,UTTARAKHAND,641,RISHIKESH,2018-10-01
385,UTTARAKHAND,642,ROORKEE,2018-10-01
385,UTTARAKHAND,646,RUDRAPUR,2018-10-01
385,UTTARAKHAND,437,SITARGANJ,2018-10-01
569,WEST BENGAL,586,BAGDA KRISHAK BAZAR,2018-11-01
385,UTTARAKHAND,640,VIKASNAGAR,2018-10-01
569,WEST BENGAL,580,BISHNUPUR,2018-10-01
569,WEST BENGAL,585,FALAKATA,2018-10-01
569,WEST BENGAL,572,BETHUADAHARI PRINCIPAL MARKET YARD,2020-06-01
569,WEST BENGAL,575,DHUPGURI PRINCIPAL MARKET YARD,2020-06-01
569,WEST BENGAL,583,GANGARAMPUR,2018-11-01
569,WEST BENGAL,574,ISLAMPUR PRINCIPAL MARKET YARD,2018-10-01
569,WEST BENGAL,576,JIYAGANJ KRISHAK BAZAR,2018-11-01
569,WEST BENGAL,579,KALNA SUB MARKET YARD,2018-10-01
569,WEST BENGAL,571,KARIMPUR SUBMARKET YARD,2018-10-01
569,WEST BENGAL,570,MOHAMAD BAZAR KRISHAK BAZAR,2018-10-01
569,WEST BENGAL,573,NAKASHIPARA KRISHAK BAZAR,2018-10-01
569,WEST BENGAL,578,PANSKURA I KRISHAK BAZAR,2018-11-01
569,WEST BENGAL,577,SAMSHERGANJ KRISHAK BAZAR,2018-10-01
569,WEST BENGAL,584,SHEORAPHULI,2018-10-01
569,WEST BENGAL,581,SILIGURI REGULATED MARKET COMM,2018-10-01
569,WEST BENGAL,582,SIMLAPAL,2018-10-01
569,WEST BENGAL,1199,SAMSI SUB MARKET YARD,2020-05-01
